{
  "ece_before": 0.152722937065188,
  "brier_before": 0.0774947384921919,
  "ece_after": 0.37026860765561365,
  "brier_after": 0.19345532435573387,
  "T": 5.0,
  "nll_before": 0.340992886415167,
  "nll_after": 0.5844299574841084,
  "n_test": 16
}