{
  "ece_before": 0.4755956698840421,
  "brier_before": 0.244363598172349,
  "ece_after": 0.4987975587243659,
  "brier_after": 0.46850781894581134,
  "T": 0.05,
  "nll_before": 0.6984745445886016,
  "nll_after": 4.121032663658885,
  "n_test": 191
}