{
  "ece_before": 0.07047785073815821,
  "brier_before": 0.019994674791381072,
  "ece_after": 0.11629072512194766,
  "brier_after": 0.05138175815077306,
  "T": 5.0,
  "nll_before": 0.15367632783440546,
  "nll_after": 0.2258276214918847,
  "n_test": 16
}