{
  "ece_before": 0.14662524083700584,
  "brier_before": 0.12140981225850478,
  "ece_after": 0.23271847555953656,
  "brier_after": 0.19957304718316646,
  "T": 5.0,
  "nll_before": 0.3601563882754611,
  "nll_after": 0.5858747615231672,
  "n_test": 5
}