{
  "ece_before": 0.09892622268476833,
  "brier_before": 0.03478203920651275,
  "ece_after": 0.1410572035605444,
  "brier_after": 0.06429179335793046,
  "T": 5.0,
  "nll_before": 0.13715657680916285,
  "nll_after": 0.19940336691416122,
  "n_test": 47
}