{
  "ece_before": 0.14521966515031645,
  "brier_before": 0.023207509445333514,
  "ece_after": 0.4094579061130208,
  "brier_after": 0.16808303880922926,
  "T": 5.0,
  "nll_before": 0.1733048796572991,
  "nll_after": 0.3201342176530279,
  "n_test": 5
}