{
  "ece_before": 0.12310585786300049,
  "brier_before": 0.07844466453885231,
  "ece_after": 0.14999999979388462,
  "brier_after": 0.12499999958776926,
  "T": 0.05,
  "nll_before": 0.25346847758728686,
  "nll_after": 2.5496171924026942,
  "n_test": 10
}