{
  "ece_before": 0.058968810396303514,
  "brier_before": 0.005973503767354799,
  "ece_after": 0.3461125985737277,
  "brier_after": 0.1220256955588914,
  "T": 5.0,
  "nll_before": 0.048432944695158235,
  "nll_after": 0.4081599476852785,
  "n_test": 100
}